SMILES	DRUG_ID	SM_LINCS_ID	DRUG_NAME
CC(O)CO	4024	LSM-36856	propylene glycol
CS(C)=O	906	LSM-36361	dimethyl sulfoxide
CC1=CNN=C1	1233	LSM-5671	fomepizole
OC(CO)CO	1316	LSM-37180	glycerol
CC1C=C(N)N=CC=1	172	LSM-25655	aminopicoline
OCC1=CN=CC=C1	1921	LSM-37188	nicotinyl alcohol
NCCC1C=CNN=1	357	LSM-5366	betazole
CN1C=CNC1=S	1745	LSM-5646	thiamazole
NC(=O)C1C=CC=NC=1	1906	LSM-5428	nicotinamide
OC(=O)C1C=CC=NC=1	2835	LSM-4676	nicotinic acid
NC(=O)C1C=NC=CN=1	2328	LSM-5425	pyrazinamide
COC1=CC=CC=C1O	1334	LSM-6001	guaiacol
OC(=O)C(Cl)Cl	862	LSM-5314	dichloroacetic acid
NC1=NC(=O)NC=C1F	1188	LSM-5878	flucytosine
CC1(C)OC(=O)NC1=O	3151	LSM-5546	dimethadione
CN(C)C(=N)NC(N)=N	1725	LSM-4730	metformin
O=C1NC=C(F)C(=O)N1	26	LSM-4261	fluorouracil
NCC(=O)CCC(O)=O	166	LSM-5677	aminolevulinic acid
NCCCCCC(O)=O	163	LSM-5733	aminocaproic acid
ClC=C(Cl)Cl	3628	LSM-37096	trichloroethylene
OC1=NC=NC2NN=CC=21	124	LSM-5919	allopurinol
NNCCC1C=CC=CC=1	2123	LSM-5928	phenelzine
CNCCC1=CC=CC=N1	346	LSM-4044	betahistine
NNC(=O)C1C=CN=CC=1	1497	LSM-6682	isoniazid
C[N+]1=CC=CC=C1C=NO	2231	LSM-5708; LSM-36426	pralidoxime
NCCC1=CC=C(O)C=C1	2784	LSM-19016	tyramine
OC1=CC=CC=C1C(O)=O	2416	LSM-4763	salicylic acid
C1CCCCN2N=NN=C21	3428	LSM-3287	pentetrazol
C1N2CN3CN1CN(C2)C3	3344	LSM-5440	methenamine
NC(=O)CN1CCCC1=O	2197	LSM-5364	piracetam
OS(=O)(=O)CCS	1711	LSM-6047	mesna
CN1C(=O)OC(C)(C)C1=O	2751	LSM-5345	trimethadione
CCCC(CCC)C(O)=O	2803	LSM-4620; LSM-6363	valproic acid
O=C1C=CC2=CC=CC=C2O1	738	LSM-2519	coumarin
CC(=O)OCC[N+](C)(C)C	65	LSM-5888	acetylcholine
C[N+](C)(C)CCOC(N)=O	488	LSM-5827	carbachol
CC(C)(N)CC1C=CC=CC=1	2140	LSM-4174	phentermine
CC(=O)NC1C=CC(O)=CC=1	52	LSM-5533	acetaminophen
NC12CC3CC(C1)CC(C2)C3	144	LSM-3571; LSM-6064	amantadine
S=C1N=CNC2N=CNC=21	1708	LSM-5963	mercaptopurine
NC1=CC(O)=C(C=C1)C(O)=O	2050	LSM-5862	aminosalicylic acid
NC1C=CC(O)=C(C=1)C(O)=O	1710	LSM-5427	mesalazine
NCCC1=CC(O)=C(O)C=C1	947	LSM-4630	dopamine
ClC(Cl)(Cl)Cl	3067	LSM-37019	carbon tetrachloride
OC1=CC(C(O)=O)=C(O)C=C1	3260	LSM-19031	gentisic acid
CC1=CN=C(C=[N+]1[O-])C(O)=O	76	LSM-5726	acipimox
CCC1(C)CC(=O)NC(=O)C1	3013	LSM-2325	bemegride
CN1C(C)(C)CCCC1(C)C	2076	LSM-5789	pempidine
CC1C=C(O)C=C(C)C=1Cl	3094	LSM-19962	chloroxylenol
CN(CC#C)CC1C=CC=CC=1	2065	LSM-3878	pargyline
NNC1=NN=CC2=CC=CC=C21	1384	LSM-15370	hydralazine
C(C1NCCN=1)C1C=CC=CC=1	2695	LSM-3020	tolazoline
CC(C[N+](C)(C)C)OC(C)=O	1726	LSM-6405	methacholine
CC1N=CSC=1CCCl	602	LSM-3110	clomethiazole
CNC(C)(C)CC1C=CC=CC=1	1694	LSM-2396; LSM-6058	mephentermine
OC(=O)CCCC1C=CC=CC=1	24	LSM-5751; LSM-6715	phenylbutanoic acid
CCOC(=O)C1C=CC(N)=CC=1	323	LSM-5830	benzocaine
ClC(Cl)=C(Cl)Cl	3587	LSM-37168	tetrachloroethylene
C[N+](C)(CC)C1C=C(O)C=CC=1	988	LSM-5867	edrophonium
CCC1=CC(=CC=N1)C(N)=S	1083	LSM-5620	ethionamide
NC1NC(=S)C2NC=NC=2N=1	2632	LSM-6723	thioguanine
CCC1(CC)C(=O)NC=CC1=O	3509	LSM-5490	pyrithyldione
OC1=CC2OC(=O)SC=2C=C1	3607	LSM-19008	tioxolone
NC1=NC2C=C(Cl)C=CC=2O1	2876	LSM-3476	zoxazolamine
CC1N=CC(CO)=C(CO)C=1O	2836	LSM-5324	pyridoxine
O=C1NC2C=C(Cl)C=CC=2O1	626	LSM-6011	chlorzoxazone
CCCC1=CC(=O)NC(=S)N1	2308	LSM-5592	propylthiouracil
CC1=NC=C(N1CCO)[N+]([O-])=O	1790	LSM-5628	metronidazole
NC(=N)NC(=N)N1CCOCC1	1844	LSM-5675	moroxydine
NCC1(CC(O)=O)CCCCC1	1264	LSM-5716	gabapentin
CC1=CC(=O)C2=CC=CC=C2C1=O	1683	LSM-3755	menadione
NC1C=CC(=CC=1)S(N)(=O)=O	2521	LSM-6524	sulfanilamide
NC(=N)N1CC2=CC=CC=C2CC1	788	LSM-6036	debrisoquine
CC1=CC(=O)OC2C=C(O)C=CC=21	1401	LSM-3025	hymecromone
NC(=O)NC(=O)CC1C=CC=CC=1	2114	LSM-19006	phenacemide
CC(C)C1=CC=CC(C(C)C)=C1O	2302	LSM-3847	propofol
NC(=O)OCCCC1C=CC=CC=1	2137	LSM-5380	phenprobamate
CC(=O)NC1C=CC(=CC=1)OCC	2115	LSM-2851	phenacetin
CC(C)NNC(=O)C1C=CN=CC=1	1480	LSM-5940	iproniazid
CC12CC3CC(N)(CC(C)(C3)C1)C2	1679	LSM-5154; LSM-5966	memantine
CC(=O)OC1=CC=CC=C1C(O)=O	74	LSM-5288	acetylsalicylic acid
CN1C(=O)C2N=CNC=2N(C)C1=O	2620	LSM-6010; LSM-6053	theophylline
CN1C2N=CN(C)C=2C(=O)NC1=O	2618	LSM-5483	theobromine
C1COC(NC(C2CC2)C2CC2)=N1	2381	LSM-4253	rilmenidine
CCCC1=CC(=CC=N1)C(N)=S	2314	LSM-4210	protionamide
CC(=O)NCCCS(O)(=O)=O	38	LSM-4787	acamprosate
CN(C)C(=O)OC1C=CC=[N+](C)C=1	2330	LSM-5770	pyridostigmine
NCC1=CC=C(C=C1)S(N)(=O)=O	1624	LSM-5445	mafenide
CN1C=CN(C1=S)C(=O)OCC	497	LSM-5930	carbimazole
NC1=CC(=CNC1=O)C1C=CN=CC=1	201	LSM-6600	amrinone
CN1C(C)=CC(=O)N1C1C=CC=CC=1	861	LSM-3038	phenazone
S=P(N1CC1)(N1CC1)N1CC1	2638	LSM-2194	thiotepa
OC(=O)C1=CC(=O)C2=CC=CC=C2O1	628	LSM-24977	chromocarb
OC(=O)CCNC(=O)C1C=CC=CC=1	355	LSM-24956	betamipron
CC(=O)NC1C=CC(CC(O)=O)=CC=1	84	LSM-5475	actarit
CCCCOC(=O)C1C=CC(N)=CC=1	3051	LSM-5413	butamben
CN1N=NC2=C(N=CN2C1=O)C(N)=O	2589	LSM-4590	temozolomide
NC1C=CC(=CC=1)C(=O)NCC(O)=O	165	LSM-5739	aminohippuric acid
CN1C(=O)C2=C(N=CN2C)N(C)C1=O	463	LSM-2026	caffeine
NC1C2=CC=CC=C2N=C2C=CC=CC2=1	160	LSM-15516	aminoacridine
CCCCCCC1C=CC(O)=CC=1O	1374	LSM-4250	hexylresorcinol
NC1C2=CC=CC=C2N=C2CCCCC2=1	2551	LSM-5871	tacrine
NC(=N)NCCN1CCCCCCC1	1342	LSM-6040; LSM-6719	guanethidine
CN1CCN(CC1)C(=O)N(CC)CC	873	LSM-3009	diethylcarbamazine
OC1=CC=C(C=C1)OCC1C=CC=CC=1	1834	LSM-5642	monobenzone
CNC(=O)OC1=CC=CC2C=CC=CC=21	3066	LSM-37123	carbaryl
C1=NC(=CS1)C1NC2C=CC=CC=2N=1	2621	LSM-3741	thiabendazole
C[N+](C)(C)CCCCCC[N+](C)(C)C	1366	LSM-5277	hexamethonium
CC1C=CC=CC=1N(CC)C(=O)C=CC	744	LSM-3274	crotamiton
CC1C=C(N2N=CN=C2N=1)N(CC)CC	3621	LSM-4152	trapidil
NC(=N)NC(=N)NCCC1C=CC=CC=1	2126	LSM-2233	phenformin
CC(O)(P(O)(O)=O)P(O)(O)=O	1098	LSM-5508	etidronic acid
CC1C=C(C2CCCCC2)N(O)C(=O)C=1	636	LSM-5307	ciclopirox
C=CCN1CCC2SC(N)=NC=2CC1	2558	LSM-3687	talipexole
C(C1NCCN=1)C1=CC=CC2=CC=CC=C12	3369	LSM-3737	naphazoline
CN(C)C1N=C(N=C(N=1)N(C)C)N(C)C	141	LSM-3492	altretamine
[O-][N+](=O)OCCNC(=O)C1=CN=CC=C1	1919	LSM-6009	nicorandil
CC1NC(=O)C(=CC=1C1C=CN=CC=1)C#N	1809	LSM-3493	milrinone
NS(=O)(=O)CC1=NOC2=CC=CC=C21	2872	LSM-3062	zonisamide
OC(=O)CC1C=CC(=CC=1)C1C=CC=CC=1	1141	LSM-5965	felbinac
NC(=N)NCC1COC2(CCCCC2)O1	1339	LSM-6043	guanadrel
OC1=C2N=CC=CC2=C(Cl)C=C1Cl	611	LSM-2371	chloroxine
[O-][N+](=O)C1=CN=C(S1)N1CCNC1=O	1941	LSM-3174	niridazole
NCCCNCCSP(O)(O)=O	156	LSM-4721	amifostine
CC(=O)NS(=O)(=O)C1C=CC(N)=CC=1	2497	LSM-5374	sulfacetamide
NC1C=CC(=CC=1)S(=O)(=O)NC(N)=N	2505	LSM-5563	sulfaguanidine
CC(C)(OC1C=CC(Cl)=CC=1)C(O)=O	695	LSM-2427	clofibric acid
C(NC1NC=NC2=NC=NC2=1)C1=CC=CO1	3976	LSM-5740	kinetin
COC1=C2C=COC2=CC2OC(=O)C=CC=21	3021	LSM-20001	bergapten
COC1C2OC(=O)C=CC=2C=C2C=COC2=1	30	LSM-3410	methoxsalen
OC(=O)C1C=CC=CC=1OP(O)(O)=O	1244	LSM-5426	fosfosal
CCC1(C(=O)NCNC1=O)C1C=CC=CC=1	2267	LSM-2700	primidone
COC1C=CC(=CC=1)C(=O)N1CCCC1=O	221	LSM-3969	aniracetam
CNNCC1C=CC(=CC=1)C(=O)NC(C)C	2272	LSM-2272	procarbazine
O=C1C(C2C=CC=CC=2)C(=O)C2C=CC=CC1=2	2130	LSM-5784	phenindione
CC(=O)NC1=NN=C(S1)S(N)(=O)=O	56	LSM-5543	acetazolamide
CCCCOC1C=CC(CC(=O)NO)=CC=1	3047	LSM-5494	bufexamac
COC1C=C(C=CC=1O)C(=O)N(CC)CC	1074	LSM-2846	etamivan
CN(C)C(=O)OC1=CC(=CC=C1)[N+](C)(C)C	1897	LSM-5360	neostigmine
CN1C(=O)C2=C(N=CN2CCO)N(C)C1=O	1107	LSM-5892	etofylline
CC(C)CC1(CC=C)C(=O)NC(=O)NC1=O	441	LSM-5793	butalbital
[O-][N+](=O)C1=CC=C(C=NN2CCOC2=O)O1	1257	LSM-6543	furazolidone
NC1NC(=O)C2N=CN(COCCO)C=2N=1	85	LSM-5459	aciclovir
OC1C=CC=C2CC3C=CC=C(O)C=3C(=O)C=12	226	LSM-6530	dithranol
CC(C)(C(=O)C1=CN=CC=C1)C1=CN=CC=C1	1791	LSM-3035	metyrapone
CC1C=CC2=C(C=1)C1CCCC3NCCN2C=13	2206	LSM-1636	pirlindole
COC1=CC(O)=C(C=C1)C(=O)C1C=CC=CC=1	3412	LSM-3309	oxybenzone
CC1=CC2=CC3=C(OC(=O)C=C3C)C(C)=C2O1	2759	LSM-3223	trioxsalen
CC(=O)CCC1=CC2=CC=C(C=C2C=C1)OC	1863	LSM-3453	nabumetone
NC1=CC(O)=C(C=C1)C(=O)OC1C=CC=CC=1	2143	LSM-25664	fenamisal
NC1=NC(N)=C(N=C1Cl)C(=O)NC(N)=N	158	LSM-4194	amiloride
ClC1C=CC=C(Cl)C=1NC1NCCN=1	704	LSM-4223	clonidine
CC(C)C(=O)C1C(=NN2C=CC=CC2=1)C(C)C	1406	LSM-2357	ibudilast
CC1NS(=O)(=O)C2=CC(Cl)=CC=C2N=1	854	LSM-3639	diazoxide
CC1=CC(=NO1)C(=O)NNCC1C=CC=CC=1	1490	LSM-4101	isocarboxazid
CN(C)C1C(=O)N(C2C=CC=CC=2)N(C)C=1C	171	LSM-20000	aminophenazone
CC1=CC=C2C(=N1)N(CC)C=C(C(O)=O)C2=O	1875	LSM-5590	nalidixic acid
CCOC(=O)NNC1N=NC=C2C=CC=CC2=1	2691	LSM-5763	todralazine
CC(=O)NCCC1=CNC2C=CC(=CC1=2)OC	1672	LSM-4779	melatonin
NC1=NC2C=CC(=CC=2S1)OC(F)(F)F	2382	LSM-2471	riluzole
CC1C=C(OC)N(N=1)C1N=C(C=C(C)N=1)OC	1029	LSM-2868	epirizole
CC1C=CC=C(C)C=1NC(=O)CN(CC)CC	1579	LSM-3165	lidocaine
CCCNC(C)(C)COC(=O)C1C=CC=CC=1	3770	LSM-3460	meprylcaine
CCN(CCNC(=O)C1C=CC(N)=CC=1)CC	2270	LSM-3681	procainamide
NC(=O)N1C2=CC=CC=C2C=CC2C=CC=CC1=2	489	LSM-3610	carbamazepine
CC(=O)N=C1SC(=NN1C)S(N)(=O)=O	1741	LSM-5311	methazolamide
CCN(CCOC(=O)C1C=CC(N)=CC=1)CC	2271	LSM-5396	procaine
CC(=O)OC1C(=CC=CC=1C(O)=O)OC(C)=O	3160	LSM-18995	dipyrocetyl
CN1C(=O)C2=C(N=CN2CC(O)=O)N(C)C1=O	49	LSM-5551	acefylline
NC(=O)OCC(COC(N)=O)C1C=CC=CC=1	1140	LSM-4232	felbamate
CC(C)NC(CC)C(O)C1=CC(O)=C(O)C=C1	1491	LSM-4374	isoetarine
OC1C=CC=C2C=1C(=O)C1=C(C=CC=C1O)C2=O	3125	LSM-2208	dantron
CC(C)CN1C=NC2=C(N)N=C3C=CC=CC3=C12	1429	LSM-5408	imiquimod
COC1C=CC(=CC=1)C1=CC(=S)SS1	218	LSM-5969	anethole trithione
C[N+]1(CCCC1)CCCCC[N+]1(C)CCCC1	2096	LSM-5561	pentolonium
CC1=C(C=CC=C1C)NC1C=CC=CC=1C(O)=O	1663	LSM-4085	mefenamic acid
CC1N=C(OC)C(NC2NCCN=2)=C(Cl)N=1	1856	LSM-3743	moxonidine
CC(C)(OC1C=CC(Cl)=CC=1)C(=O)OCC	694	LSM-2996	clofibrate
CC[N+](C)(C)CC1C=CC=CC=1Br	394	LSM-5607	bretylium
CCOC(=O)NC1=C[N+](=NO1)N1CCOCC1	1831	LSM-2777; LSM-25617	molsidomine
COC1=CC(O)=C(C=C1)C(=O)C1C=CC=CC=1O	3159	LSM-2493	dioxybenzone
CC1C=C(C=C(C)C=1CC1NCCN=1)C(C)(C)C	3658	LSM-5262	xylometazoline
OP(O)(=O)C(Cl)(Cl)P(O)(O)=O	690	LSM-5802	clodronic acid
CN1C(C)=C(NC(C)C)C(=O)N1C1C=CC=CC=1	3517	LSM-5911	ramifenazone
CCN(CCC1=NC(=NO1)C1C=CC=CC=1)CC	2023	LSM-5538	oxolamine
CC(NC(NC1C=CN=CC=1)=NC#N)C(C)(C)C	2173	LSM-1557	pinacidil
NC(=N)NC(=O)CC1C(Cl)=CC=CC=1Cl	1343	LSM-2716	guanfacine
CS(=O)(=O)OCCCCOS(C)(=O)=O	438	LSM-5388	busulfan
CC1=NC=C(N1CCS(=O)(=O)CC)[N+]([O-])=O	2671	LSM-5948	tinidazole
CC(=O)OC1C=C(C=CC=1C(O)=O)C(F)(F)F	2744	LSM-5797	triflusal
NC1C=CC(=CC=1)S(=O)(=O)C1C=CC(N)=CC=1	782	LSM-5714	dapsone
CCC1=NC(N)=NC(N)=C1C1C=CC(Cl)=CC=1	2332	LSM-3967	pyrimethamine
NCCCC(O)(P(O)(O)=O)P(O)(O)=O	112	LSM-5831; LSM-36378	alendronic acid
OC(=O)C1=CC(=NC2=CC=CC=C21)C1C=CC=CC=1	3101	LSM-25646	cinchophen
NC1C=CC(=CC=1)S(=O)(=O)NC1=CC=CC=N1	2524	LSM-5531	sulfapyridine
OC1C=CC(=CC=1C(O)=O)C1C=CC(F)=CC=1F	880	LSM-2490	diflunisal
NC1C=CC(=CC=1)S(=O)(=O)NC1N=CC=CN=1	2500	LSM-5457	sulfadiazine
CC1=CC(OCCCC(C)(C)C(O)=O)=C(C)C=C1	1285	LSM-2227	gemfibrozil
O=C1NC(=O)C(N1)(C1C=CC=CC=1)C1C=CC=CC=1	2152	LSM-5663	phenytoin
NC(=O)N1C2=CC=CC=C2C(=O)CC2C=CC=CC1=2	2017	LSM-5219	oxcarbazepine
CC1NC=NC=1CSCCNC(NC)=NC#N	645	LSM-2404	cimetidine
NC1NC2=C(N=CN2CCC(CO)CO)C(=O)N=1	2079	LSM-5587	penciclovir
NC1N=C2N=C(N)N=C(N)C2=NC=1C1C=CC=CC=1	2728	LSM-4060	triamterene
CC1=CC(NS(=O)(=O)C2C=CC(N)=CC=2)=NO1	2514	LSM-5422	sulfamethoxazole
ClC1C=CC2=NSN=C2C=1NC1NCCN=1	2683	LSM-5242	tizanidine
CC(C)NC(=N)NC(=N)NC1C=CC(Cl)=CC=1	2282	LSM-2618	proguanil
OC(=O)CCC(=O)C1C=CC(=CC=1)C1C=CC=CC=1	1145	LSM-2258	fenbufen
CCCC(C)C1(CC=C)C(=O)NC(=S)NC1=O	2626	LSM-4367	thiamylal
NC1NC(=O)C2N=CN(COC(CO)CO)C=2N=1	1277	LSM-5382	ganciclovir
NC1C=CC(=CC=1)S(=O)(=O)NC1=NC=CS1	2527	LSM-5327	sulfathiazole
CN(C)CCOC(C1C=CC=CC=1)C1C=CC=CC=1	916	LSM-5581; LSM-6704	diphenhydramine
CN(C)CCN(CC1C=CC=CC=1)C1=CC=CC=N1	2762	LSM-3271	tripelennamine
CC(CN(C)C)C(C)(O)CC1C=CC(Cl)=CC=1	686	LSM-5055	clobutinol
O=C1CN2CC3C(=CC=C(Cl)C=3Cl)N=C2N1	209	LSM-3380	anagrelide
NC1N=C(N)C(=NN=1)C1C=CC=C(Cl)C=1Cl	1540	LSM-4104	lamotrigine
NC1=NC(=NC(N)=N1)C1C=C(Cl)C=CC=1Cl	1484	LSM-3663	irsogladine
C[N+](C)(CC1C=CC=CC=1)CCOC1C=CC=CC=1	340	LSM-5589	bephenium
CCCCCCNC(=O)N1C=C(F)C(=O)NC1=O	511	LSM-5293	carmofur
CC1C=CC(=CC=1)C(=O)C1=CC=C(CC(O)=O)N1C	2699	LSM-3852	tolmetin
COP(=O)(OC)C(O)C(Cl)(Cl)Cl	1787	LSM-4995	metrifonate
CN(C)CCOC(=O)COC1C=CC(Cl)=CC=1	1651	LSM-5273	meclofenoxate
CCOC1=CC2SC(=NC=2C=C1)S(N)(=O)=O	1089	LSM-18787	ethoxzolamide
C[N+](C)(C)CCCCCCCCCC[N+](C)(C)C	789	LSM-6606	decamethonium
NC(=O)NC1C=CC(=CC=1)[As](O)(O)=O	3065	LSM-5992	carbarsone
CC1=CC(=O)C2=C(O1)C(OC)=C1OC=CC1=C2OC	3313	LSM-5863	khellin
O=C1NCC2(CCN(CCC3C=CC=CC=3)CC2)O1	1163	LSM-5410	fenspiride
CCCN(CCC)CCC1=CC=CC2NC(=O)CC1=2	2402	LSM-2351	ropinirole
CC1C(O)=C(C=C(C)C=1CC1NCCN=1)C(C)(C)C	2032	LSM-2353	oxymetazoline
O=P1(NCCCl)OCCCN1CCCl	1421	LSM-5118	ifosfamide
O=P1(NCCCO1)N(CCCl)CCCl	758	LSM-4961	cyclophosphamide
CCN1C=C(C(=O)C2C=C3OCOC3=CC1=2)C(O)=O	2024	LSM-5811	oxolinic acid
CN(C)CCN(CC1=CC=CS1)C1=CC=CC=N1	1738	LSM-5582	methapyrilene
CC1C(Cl)=CC=CC=1NC1C=CC=CC=1C(O)=O	2698	LSM-5612	tolfenamic acid
CCN1N=C(C(=O)C2C=C3OCOC3=CC1=2)C(O)=O	657	LSM-6552	cinoxacin
CC1CC(CC(C)(C)C1)OC(=O)C1C=CC=CC=1O	3279	LSM-1475	homosalate
CC1C(Cl)=CC=CC=1NC1N=CC=CC=1C(O)=O	705	LSM-6703	clonixin
CC1CCN(CCCC(=O)C2C=CC(F)=CC=2)CC1	1677	LSM-4090	melperone
CNCCCC1C2=CC=CC=C2C=CC2C=CC=CC=21	2320	LSM-2936	protriptyline
CNCC/C=C1\C2=CC=CC=C2CCC2C=CC=CC=2\1	1971	LSM-4039	nortriptyline
ClC1C=CC=CC=1CN1CC2C=CSC=2CC1	2657	LSM-1986	ticlopidine
CC1=CC=NC(NS(=O)(=O)C2C=CC(N)=CC=2)=N1	2510	LSM-5979	sulfamerazine
CCCCNC1C=CC(=CC=1)C(=O)OCCN(C)C	2610	LSM-4633	tetracaine
CCCSC1=CC2NC(NC(=O)OC)=NC=2C=C1	103	LSM-3782	albendazole
C(C1C=CC=CC=1)N(CC1NCCN=1)C1C=CC=CC=1	224	LSM-6023	antazoline
CC1N=C(N)C(C[N+]2=CSC(CCO)=C2C)=CN=1	2832	LSM-5996	thiamine
CN1C(=O)C2=C(N=CN2CC2OCCO2)N(C)C1=O	959	LSM-5779	doxofylline
CC1=CC=NC2=C1NC(=O)C1=CC=CN=C1N2C1CC1	1904	LSM-5336	nevirapine
COC1C(OC)=C(CN2CCNCC2)C=CC=1OC	2750	LSM-5938	trimetazidine
CNCCCN1C2=CC=CC=C2CCC2C=CC=CC1=2	812	LSM-3351	desipramine
CN1CCN(CC1)C(C1C=CC=CC=1)C1C=CC=CC=1	749	LSM-5857	cyclizine
CC1=C(NS(=O)(=O)C2C=CC(N)=CC=2)ON=C1C	2529	LSM-3120	sulfafurazole
OC(C1CCNCC1)(C1C=CC=CC=1)C1C=CC=CC=1	3680	LSM-4191	azacyclonol
O=C(NCCN1CCOCC1)C1C=CC(Cl)=CC=1	1825	LSM-5247	moclobemide
OC1C=CC(Cl)=CC=1CC1C=C(Cl)C=CC=1O	863	LSM-25663	dichlorophen
CN(C)CCC1=CNC2C=CC(CN3C=NC=N3)=CC=21	2393	LSM-3691	rizatriptan
CNCCCCOC1C=CC=CC=1CC1C=CC=CC=1	369	LSM-2413	bifemelane
CC1ON=CC=1C(=O)NC1C=CC(=CC=1)C(F)(F)F	1552	LSM-3771	leflunomide
CC1=NN=C(NS(=O)(=O)C2C=CC(N)=CC=2)S1	2512	LSM-5455	sulfamethizole
CC1C=CC(=CC=1)S(=O)(=O)NC(=O)NCCCC	2696	LSM-3907	tolbutamide
CCCCC1=CC2=CC=CC=C2C(=N1)OCCN(C)C	3153	LSM-3647	quinisocaine
CC1=CC=C(C=C1)C(=O)C1=CC(=C(O)C(O)=C1)[N+]([O-])=O	2697	LSM-5282	tolcapone
O=C1C2C=CC=CC=2[Se]N1C1C=CC=CC=1	980	LSM-2644	ebselen
CC1C=C2CCCS(=O)(=O)C2=CC=1S(N)(=O)=O	1777	LSM-5683	meticrane
CN(C)CC/C=C1\C2=CC=CC=C2C=CC2C=CC=CC=2\1	751	LSM-5537	cyclobenzaprine
CC(C)C(=O)NC1=CC(=C(C=C1)[N+]([O-])=O)C(F)(F)F	1223	LSM-2621	flutamide
NC1=CC=C(C=C1)S(=O)(=O)NC(=O)C1C=CC=CC=1	3558	LSM-5698	sulfabenzamide
CN1CC2=C(CC1)N(CC1C=CC=CC=1)C1C=CC=CC2=1	1643	LSM-6050	mebhydrolin
CCCNC(=O)NS(=O)(=O)C1=CC=C(Cl)C=C1	622	LSM-6695	chlorpropamide
CN1C=NC(=C1SC1=NC=NC2N=CNC=21)[N+]([O-])=O	269	LSM-2713	azathioprine
CNCCCC12CCC(C3=CC=CC=C13)C1C=CC=CC2=1	1634	LSM-2043	maprotiline
CN(C)CCC=C1C2=CC=CC=C2CCC2C=CC=CC=21	180	LSM-3190	amitriptyline
OC1C=CC(C(=O)C2C=C(O)C(O)=C(O)C=2)=C(O)C=1O	1124	LSM-37157	exifone
CC(=O)CCCCN1C=NC2=C1C(=O)N(C)C(=O)N2C	3983	LSM-5748	lomifylline
CC(=O)CCCCN1C(=O)N(C)C2N=CN(C)C=2C1=O	2099	LSM-3285	pentoxifylline
CC1C=C(C)N=C(NS(=O)(=O)C2C=CC(N)=CC=2)N=1	2502	LSM-5295	sulfadimidine
C[N+]1(C)CCC(CC1)=C(C1C=CC=CC=1)C1C=CC=CC=1	915	LSM-4102	diphemanil
CC1=CC(OCCN(C)C)=C(C=C1OC(C)=O)C(C)C	1855	LSM-5868	moxisylyte
CN(C)CCC=C1C2=CC=CC=C2COC2C=CC=CC=21	956	LSM-2803	doxepin
COC1=CC(NS(=O)(=O)C2C=CC(N)=CC=2)=NC=N1	2519	LSM-5320	sulfamonomethoxine
COC1=CC=C(NS(=O)(=O)C2C=CC(N)=CC=2)N=N1	2515	LSM-5204	sulfamethoxypyridazine
COC1=CN=C(NS(=O)(=O)C2C=CC(N)=CC=2)N=C1	2511	LSM-6683	sulfameter
CC(C)OC1C=C2OC=C(C(=O)C2=CC=1)C1C=CC=CC=1	1477	LSM-5981	ipriflavone
COC1=CC=C(C=C1)OCC(=O)NCCN(CC)CC	3769	LSM-2459	mefexamide
CN(C)CCCN1C2=CC=CC=C2CCC2C=CC=CC1=2	1427	LSM-2852	imipramine
OC(=O)C1C=CC=CC=1NC1=CC(=CC=C1)C(F)(F)F	1193	LSM-2973	flufenamic acid
[O-][N+](=O)C1C=C2C(=NCC(=O)NC2=CC=1)C1C=CC=CC=1	1945	LSM-5681	nitrazepam
COC1C=C(C=C(OC)C=1OC)C(=O)N1CCOCC1	2756	LSM-3176	trimetozine
CC1C=CC(=CC=1)N(CC1NCCN=1)C1=CC(O)=CC=C1	2142	LSM-4022	phentolamine
CN1CCC(CC1)OC(C1=CC=CC=C1)C1=CC=CC=C1	920	LSM-5385	diphenylpyraline
CCN(CCCC1C=CC=CC=1)CCCC1C=CC=CC=1	142	LSM-3988	alverine
OC(=O)C1C=CC=NC=1NC1=CC(=CC=C1)C(F)(F)F	1925	LSM-6016	niflumic acid
CCC1=NN=C(NS(=O)(=O)C2C=CC(N)=CC=2)S1	2504	LSM-19047	sulfaethidole
CN(C)C1=CC2=[S+]C3=CC(=CC=C3N=C2C=C1)N(C)C	1763	LSM-4555	methylthioninium chloride
CN(C)CCCN1C2=CC=CC=C2SC2C=CC=CC1=2	2284	LSM-2137	promazine
NC1C=CC(=CC=1)S(=O)(=O)NC1=CC=C(Cl)N=N1	2498	LSM-5456	sulfachlorpyridazine
CN1C(=O)CN=C(C2=CC(Cl)=CC=C12)C1C=CC=CC=1	852	LSM-2359	diazepam
N#CC1C=CC(=CC=1)C(C1C=CC(=CC=1)C#N)N1C=NC=N1	1556	LSM-3980	letrozole
CCCN(CCC)S(=O)(=O)C1C=CC(=CC=1)C(O)=O	2268	LSM-4140	probenecid
CN(C)CCN(CC1C=CC(=CC=1)OC)C1=CC=CC=N1	2331	LSM-4206	mepyramine
CN(C)CCN(CC1C=CC(=CC=1)OC)C1N=CC=CN=1	2642	LSM-15371	thonzylamine
CS(=O)C1=CC(OC)=C(C=C1)C1NC2N=CC=CC=2N=1	3574	LSM-4362	sulmazole
CN1CCC(CC1)=C1C2=CC=CC=C2C=CC2C=CC=CC=21	765	LSM-5419	cyproheptadine
CCN1C=C(C(O)=O)C(=O)C2=CN=C(N=C12)N1CCCC1	2209	LSM-5506	piromidic acid
CC(C)(OC1C=CC(=CC=1)C1CC1(Cl)Cl)C(O)=O	658	LSM-1600	ciprofibrate
CCCCOC1C=CC(=CC=1)C(=O)CCN1CCCCC1	974	LSM-5801	dyclonine
OC1C=C(Cl)C=CC=1OC1=CC=C(Cl)C=C1Cl	3631	LSM-2929	triclosan
CN(C)CCN(CC1C=CC(Cl)=CC=1)C1=CC=CC=N1	606	LSM-5896	chloropyramine
COC1C=C(CC2=CN=C(N)N=C2N)C=C(OC)C=1OC	2755	LSM-5246	trimethoprim
O=S(=O)(C1=CC=CC2C=NC=CC=21)N1CCCNCC1	1132	LSM-3715	fasudil
CC1CC(CC(C)(C)N1C)OC(=O)C(O)C1=CC=CC=C1	3216	LSM-5040	eucatropine
CC1C=C(CC(O)=O)N(C)C=1C(=O)C1C=CC(Cl)=CC=1	2871	LSM-6673	zomepirac
BrC1C2=NC=CN=C2C=CC=1NC1NCCN=1	395	LSM-3526	brimonidine
OC(=O)CCC1=NC(=C(O1)C1C=CC=CC=1)C1C=CC=CC=1	2013	LSM-2553	oxaprozin
CC(C)(C#N)C1C=C(CN2C=NC=N2)C=C(C=1)C(C)(C)C#N	210	LSM-5631	anastrozole
CCCCOC1=CC=C(C=C1)OCCCN1CCOCC1	3487	LSM-5573	pramocaine
CN1CCC(CC1)=C1C2=CC=CC=C2SC2C=CC=CC=21	2169	LSM-5936	pimethixene
CN(C)C1=NC2C=CC(=CC=2S1)OCCN(CC)CC	3725	LSM-15287	dimazole
CN1C2C=CC=CC=2C2=C1CCN(CC1NC=NC=1C)C2=O	129	LSM-5576	alosetron
CCCOC1C=C(N)C=CC=1C(=O)OCCN(CC)CC	3496	LSM-2397	propoxycaine
CCCOC1C=CC(=CC=1N)C(=O)OCCN(CC)CC	2294	LSM-3780	proparacaine
CN1C2=CC=C(C=C2C(=NCC1=O)C1C=CC=CC=1)[N+]([O-])=O	1936	LSM-5785	nimetazepam
COC(=O)NC1NC2C=CC(=CC=2N=1)C(=O)C1C=CC=CC=1	1641	LSM-3749	mebendazole
CN(C)CCN1C(=O)C2=CC=CC=C2N(C)C2C=CC=CC1=2	856	LSM-3783	dibenzepin
CNS(=O)(=O)CC1=CC2=C(C=C1)NC=C2CCN(C)C	2543	LSM-5618	sumatriptan
OC(CCN1CCCCC1)(C1C=CC=CC=1)C1C=CC=CC=1	2263	LSM-6559	pridinol
CN1CCC(CC1)=C1C2C=CC=CC=2CCC2SC=CC=21	2220	LSM-3695	pizotifen
NS(=O)(=O)C1C=C2C(=CC=1Cl)N=CNS2(=O)=O	609	LSM-5942	chlorothiazide
CC1=CC=C(Cl)C(NC2=CC=CC=C2C(O)=O)=C1Cl	1650	LSM-3108	meclofenamic acid
OC(=O)CC1C=CC=CC=1NC1C(Cl)=CC=CC=1Cl	865	LSM-2160	diclofenac
CCN(CC)C(=S)SSC(=S)N(CC)CC	928	LSM-5467	disulfiram
NS(=O)(=O)C1C=C2C(=CC=1Cl)NCNS2(=O)=O	1385	LSM-5308	hydrochlorothiazide
CC(C)C1C=C2C(=CC=1)OC1N=C(N)C(=CC=1C2=O)C(O)=O	182	LSM-5432	amlexanox
C(C1=CC2OCOC=2C=C1)N1CCN(CC1)C1N=CC=CN=1	2202	LSM-3057	piribedil
O=C(CCNNC(=O)C1=CC=NC=C1)NCC1C=CC=CC=1	1907	LSM-5300	nialamide
CC1C=C(N=NC=1NCCN1CCOCC1)C1C=CC=CC=1	1812	LSM-2037	minaprine
CC(CCC1C=CC=CC=1)NC(C)C(O)C1=CC=C(O)C=C1	1976	LSM-1492	buphenine
CCCCCCCCCCCCCCCC(=O)NCCO	2045	LSM-3518	palmidrol
COC1C=C(N)C(Cl)=CC=1C(=O)NCCN(CC)CC	1782	LSM-3689	metoclopramide
CN(C)C1=NC2=CC=C(C)C=C2N2C(=O)C(CCC)C(=O)N21	266	LSM-5132	azapropazone
OC1C=C2OC(C3=CC(O)=C(O)C=C3)=C(O)C(=O)C2=C(O)C=1	3514	LSM-4199	quercetin
CN1CCCN(CC1)C1=NC2C=CC=CC=2N1CCOCC	999	LSM-5331	emedastine
OC1=C2N=CC=CC2=C(Br)C=C1Br	412	LSM-20949	broxyquinoline
CCC(=C)C(=O)C1C=CC(OCC(O)=O)=C(Cl)C=1Cl	1071	LSM-3420	ethacrynic acid
CN1CC2=C(N=CN2C2=CC=C(F)C=C2C1=O)C(=O)OCC	1195	LSM-4228	flumazenil
CCN1C=C(C(O)=O)C(=O)C2=CN=C(N=C12)N1CCNCC1	2184	LSM-5267	pipemidic acid
CC(CC1C=CC(O)=CC=1)NCC(O)C1C=C(O)C=C(O)C=1	1155	LSM-1948	fenoterol
OC(=O)CCCC1C=CC(=CC=1)N(CCCl)CCCl	588	LSM-2645	chlorambucil
CCOC(=O)NC1C=CC(NCC2=CC=C(F)C=C2)=NC=1N	1215	LSM-5616	flupirtine
CN(C)CCN1C2=CC=CC=C2SC2C=CC(Cl)=CC1=2	615	LSM-37212	chlorfenethazine
NS(=O)(=O)C1=CC(Cl)=C(Cl)C(=C1)S(N)(=O)=O	864	LSM-3602	dichlorphenamide
CC(=O)N(CC)C1=CC(=CC=C1)C1=CC=NC2=C(C=NN12)C#N	2857	LSM-5971	zaleplon
OC1C(I)=CC(Cl)=C2C=CC=NC2=1	681	LSM-2186	clioquinol
OC(CN1C=NC=N1)(CN1C=NC=N1)C1C=CC(F)=CC=1F	1187	LSM-2106	fluconazole
CN1C2N=CN(CCC)C=2C(=O)N(CCCCC(C)=O)C1=O	2296	LSM-3315	propentofylline
CC(=O)OCC(=O)NCCCOC1C=C(CN2CCCCC2)C=CC=1	2408	LSM-5874	roxatidine acetate
CCCCN(CCCOC(=O)C1C=CC(N)=CC=1)CCCC	3050	LSM-6030	butacaine
CC(=O)OC1C=CC=CC=1C(=O)NC1=NC=C(S1)[N+]([O-])=O	1943	LSM-6002	nitazoxanide
COC1C=C(C=C(OC)C=1C(=O)CCCN1CCCC1)OC	422	LSM-5365	buflomedil
CN(C)C(=O)CC1=C(N=C2C=CC(C)=CN21)C1C=CC(C)=CC=1	2870	LSM-5560	zolpidem
CC1C=C(C=CC=1)N(C)C(=S)OC1=CC2=CC=CC=C2C=C1	3617	LSM-5554	tolnaftate
CS(=O)(=O)NC1C=CC(=CC=1OC1C=CC=CC=1)[N+]([O-])=O	1935	LSM-3718	nimesulide
CN1C2=CC=CC=C2C(O)=C(C1=O)C(=O)N(C)C1C=CC=CC=1	3532	LSM-2046	roquinimex
CN1C(C)=C(NC(=O)C2=CN=CC=C2)C(=O)N1C1C=CC=CC=1	1924	LSM-5583	nifenazone
CCCCC1C(=O)N(C2C=CC=CC=2)N(C2C=CC=CC=2)C1=O	2145	LSM-2219	phenylbutazone
CCCCOC1C=C(C=CC=1N)C(=O)OCCN(CC)CC	3016	LSM-2069	oxybuprocaine
CC1=NN=C2CN=C(C3=CC(Cl)=CC=C3N21)C1C=CC=CC=1	136	LSM-5460	alprazolam
CN(C)CCCOC1=NN(CC2C=CC=CC=2)C2C=CC=CC=21	3881	LSM-5423	benzydamine
CN1CCC(CC1)=C1C2C=CSC=2C(=O)CC2C=CC=CC=21	1530	LSM-2637	ketotifen
OC(CCCN1CCCCC1)(C1C=CC=CC=1)C1C=CC=CC=1	313	LSM-2008	diphenidol
CCN(CCOC(=O)C1(CCCCC1)C1CCCCC1)CC	868	LSM-3534	dicycloverine
COC1N=CN=C(NS(=O)(=O)C2C=CC(N)=CC=2)C=1OC	2503	LSM-5657	sulfadoxine
COC1=CC(NS(=O)(=O)C2C=CC(N)=CC=2)=NC(=N1)OC	2501	LSM-5790	sulfadimethoxine
ClC1C=C2CCC3C=CC=NC=3C(C2=CC=1)=C1CCNCC1	814	LSM-5887	desloratadine
CC1C=CC(=CC=1)S(=O)(=O)NC(=O)NN1CCCCCC1	2694	LSM-2699	tolazamide
CCN(CCOC(=O)C(C1C=CC=CC=1)C1C=CC=CC=1)CC	94	LSM-5704	adiphenine
O=C(C1CCCCC1)N1CC2C3C=CC=CC=3CCN2C(=O)C1	2241	LSM-1387	praziquantel
CC(CN1C2=CC=CC=C2SC2C=CC=CC1=2)N(CC)CC	1086	LSM-1342	profenamine
COC(=O)NC1NC2C=CC(=CC=2N=1)C(=O)C1C=CC(F)=CC=1	1186	LSM-5916	flubendazole
ClC1C=C2C(=NC3C=CC=CC=3OC2=CC=1)N1CCNCC1	191	LSM-2021	amoxapine
CS(=O)(=O)C1C=CC(=CC=1)C1COC(=O)C=1C1C=CC=CC=1	2397	LSM-2482	rofecoxib
CC1ON=C(C=1C1C=CC(=CC=1)S(N)(=O)=O)C1C=CC=CC=1	2799	LSM-5305	valdecoxib
NC1C=CC(=CC=1)S(=O)(=O)NC1=CC=NN1C1C=CC=CC=1	2523	LSM-5279	sulfaphenazole
CNC(=C[N+]([O-])=O)NCCSCC1=CC=C(CN(C)C)O1	2358	LSM-2298	ranitidine
CN1CCCN(CC1)C(C1C=CC=CC=1)C1C=CC(Cl)=CC=1	1381	LSM-1394	homochlorcyclizine
CN(C)CCCN1C2=CC(Cl)=CC=C2CCC2C=CC=CC1=2	701	LSM-3171	clomipramine
OC(=O)CC1SC(=NC=1C1C=CC(Cl)=CC=1)C1C=CC=CC=1	1165	LSM-5342	fentiazac
CC1N=C(SC=1C(O)=O)C1=CC(C#N)=C(C=C1)OCC(C)C	1137	LSM-3064	febuxostat
CC1(C)NC(=O)N(C1=O)C1=CC(=C(C=C1)[N+]([O-])=O)C(F)(F)F	1933	LSM-2513	nilutamide
CN(CC1C=CC(=CC=1)C(C)(C)C)CC1=CC=CC2=CC=CC=C12	444	LSM-5956	butenafine
OC1C=CC(=CC=1)C1(OC(=O)C2C=CC=CC1=2)C1C=CC(O)=CC=1	2135	LSM-2432	phenolphthalein
CN(C)CCCN1C2=CC=CC=C2SC2C=CC(Cl)=CC1=2	621	LSM-4017	chlorpromazine
CCCCCN(C)CCC(O)(P(O)(O)=O)P(O)(O)=O	1404	LSM-4279; LSM-5264	ibandronic acid
CCN1C=C(C(O)=O)C(=O)C2=CC(F)=C(C=C12)N1CCNCC1	1967	LSM-5286	norfloxacin
ClC(Cl)C(C1C=CC=CC=1Cl)C1=CC=C(Cl)C=C1	1820	LSM-1451	mitotane
CCN1C=C(C(O)=O)C(=O)C2=CC(F)=C(N=C12)N1CCNCC1	1013	LSM-5848	enoxacin
OC(=O)C1=NN(CC2C=CC(Cl)=CC=2Cl)C2C=CC=CC=21	1598	LSM-6272	lonidamine
CC(=O)OCC(COC(C)=O)CCN1C=NC2C=NC(N)=NC1=2	1128	LSM-2990	famciclovir
CCOC(=O)C1C=CC(=CC=1)OC(=O)CCCCCNC(N)=N	3257	LSM-3314	gabexate
CC1C=CC(=CC=1)S(=O)(=O)NC(=O)NN1CC2CCCC2C1	1299	LSM-5096	gliclazide
CCN1CC(CCC1)OC(=O)C(C1C=CC=CC=1)C1C=CC=CC=1	2190	LSM-1951	piperidolate
CCCCC1C(=O)N(C2C=CC=CC=2)N(C2C=CC(O)=CC=2)C1=O	2036	LSM-5029	oxyphenbutazone
CC(=O)C1C=CC(=CC=1)S(=O)(=O)NC(=O)NC1CCCCC1	57	LSM-5638	acetohexamide
CC(C(O)C1=CC=C(O)C=C1)N1CCC(CC2C=CC=CC=2)CC1	1419	LSM-4369	ifenprodil
CC1=NC=C2CN=C(C3C=CC=CC=3F)C3=CC(Cl)=CC=C3N21	1802	LSM-5200	midazolam
ClC1=CC=C(CN2C3C=CC=CC=3N=C2CN2CCCC2)C=C1	672	LSM-5225	clemizole
CN(C)CCCN1C2=CC(=CC=C2SC2=CC=CC=C12)C(C)=O	73	LSM-4609	acepromazine
[O-][N+](=O)C1=CC(Cl)=C(C=C1)NC(=O)C1C=C(Cl)C=CC=1O	1912	LSM-2787	niclosamide
CCN(CCOC(=O)C(O)(C1C=CC=CC=1)C1C=CC=CC=1)CC	298	LSM-5908	benactyzine
CN1CCN(CC1)C1=NC2C=CC=CC=2OC2=CC=C(Cl)C=C21	1613	LSM-2881	loxapine
CN(C1C=CC(=CC=1)OC(=O)C1=CC=CO1)C(=O)C(Cl)Cl	896	LSM-2223	diloxanide furoate
COC1C=CC(=CC=1C(=O)NCCN(CC)CC)S(C)(=O)=O	2651	LSM-5676	tiapride
COC1C=CC=C(N=1)N(C)C(=S)OC1C=C2CCCCC2=CC=1	1586	LSM-6583	liranaftate
NS(=O)(=O)C1=CC(C(O)=O)=C(C=C1Cl)NCC1=CC=CO1	1258	LSM-5847	furosemide
OC(=O)COC1C=CC(=C(Cl)C=1Cl)C(=O)C1=CC=CS1	2658	LSM-5478	tienilic acid
NS(=O)(=O)C1=CC2=C(C=C1C(F)(F)F)NCNS2(=O)=O	1392	LSM-5497	hydroflumethiazide
OC(=O)C1=CN(C2CC2)C2=CC(=C(F)C=C2C1=O)N1CCNCC1	659	LSM-5226	ciprofloxacin
CNC(=C[N+]([O-])=O)NCCSCC1=CSC(CN(C)C)=N1	1955	LSM-3031	nizatidine
CN(C)CCOC1=CC2C=CC=CC=2SC2=CC=C(Cl)C=C21	2875	LSM-6636	zotepine
CN1CCN(CC1)C1C=C2C(=CC=1F)C(=O)C(=CN2CC)C(O)=O	2071	LSM-5653	pefloxacin
CCN(CCOCCOC(=O)C1(CCCC1)C1C=CC=CC=1)CC	494	LSM-5240	pentoxyverine
NC1=C(C=CC=C1CC(O)=O)C(=O)C1C=CC(Br)=CC=1	401	LSM-5585	bromfenac
CN(C)CCC1=CNC2C=CC(CS(=O)(=O)N3CCCC3)=CC=21	128	LSM-25659	almotriptan
OC1=C(CC2C(=O)OC3=CC=CC=C3C=2O)C(=O)OC2C=CC=CC1=2	867	LSM-5884	dicoumarol
NC(=N)NC1=NC(CSCCC(=N)NS(N)(=O)=O)=CS1	1129	LSM-5201	famotidine
C[N+]1(CCC(C(N)=O)(C2C=CC=CC=2)C2C=CC=CC=2)CCCCC1	1160	LSM-5905	fenpiverinium
CC1C(=O)C(OC)=C(OC)C(=O)C=1CCCCCCCCCCO	1416	LSM-5505	idebenone
COC1C=CC(=CC=1)C1=C(CC(O)=O)ON=C1C1C=CC(=CC=1)OC	1829	LSM-4647	mofezolac
COC1C=CC(CC2=NC=CC3=CC(OC)=C(C=C32)OC)=CC=1OC	2056	LSM-2338	papaverine
COC1C=CC2CC3C4=CC5OCOC=5C=C4CCN3CC=2C=1OC	473	LSM-21633	canadine
CC1(N)CN(CN(C1)CC(CCCC)CC)CC(CCCC)CC	3277	LSM-4988	hexetidine
NC(=N)C1C=CC(=CC=1)OCCCCCOC1C=CC(=CC=1)C(N)=N	2090	LSM-4540	pentamidine
C[N+](CCOC(=O)C1C2=CC=CC=C2OC2C=CC=CC=21)(CC)CC	1736	LSM-2202	methantheline
C[N+]1(C)CC(CCC1)OC(=O)C(O)(C1C=CC=CC=1)C1C=CC=CC=1	1689	LSM-5102	mepenzolate
CCCCOC1C=C(C(=O)NCCN(CC)CC)C2=CC=CC=C2N=1	859	LSM-6018	cinchocaine
CN1CCN(CC1)C1=NC2=CC=CC=C2SC2C=CC(Cl)=CC=21	717	LSM-19970	clotiapine
COC1C=C(N)C(Br)=CC=1C(=O)NCCN(CC)CC	406	LSM-6656	bromopride
ClC1C=CC=CC=1C(C1C=CC=CC=1)(C1C=CC=CC=1)N1C=NC=C1	719	LSM-5341	clotrimazole
CC1NC(C)=C(C(C=1C(=O)OC)C1C=CC=CC=1[N+]([O-])=O)C(=O)OC	1922	LSM-4176; LSM-5021	nifedipine
CC1C=C(C=CC=1)NC1=CC=NC=C1S(=O)(=O)NC(=O)NC(C)C	2708	LSM-2662	torsemide
CN1CCN(CC(=O)N2C3N=CC=CC=3NC(=O)C3=CC=CC=C23)CC1	2200	LSM-4001	pirenzepine
CC1(C)CCC(C)(C)C2=CC(=CC=C12)NC(=O)C1C=CC(=CC=1)C(O)=O	3580	LSM-5493	tamibarotene
CN(C)CCCN1C2=CC=CC=C2SC2C=CC(=CC1=2)C(F)(F)F	2742	LSM-3421	triflupromazine
C[N+]12CC(OC(=O)C(O)(C3=CC=CC=C3)C3=CC=CC=C3)C(CC1)CC2	676	LSM-6447	clidinium
C[N+](CCC(C(N)=O)(C1C=CC=CC=1)C1C=CC=CC=1)(C(C)C)C(C)C	1500	LSM-6549	isopropamide
OC(=O)COC(=O)CC1C=CC=CC=1NC1C(Cl)=CC=CC=1Cl	43	LSM-5762	aceclofenac
CC[N+]1(C)CC(CCC1)OC(=O)C(O)(C1C=CC=CC=1)C1C=CC=CC=1	2185	LSM-6459	pipenzolate
OC(=O)CCC(=O)NC1C=CC(=CC=1)S(=O)(=O)NC1=NC=CS1	2490	LSM-5210	succinylsulfathiazole
CCN(CC1C=C(C=CC=1O)NC1=CC=NC2=CC(Cl)=CC=C21)CC	186	LSM-4042	amodiaquine
OC1=C(C=C(Cl)C=C1Cl)SC1C=C(Cl)C=C(Cl)C=1O	3032	LSM-2862	bithionol
CCN(CCNC1=CC=C(CO)C2SC3=CC=CC=C3C(=O)C1=2)CC	1383	LSM-5614	hycanthone
CC1=C(CC(O)=O)C2C=C(C=CC=2N1C(=O)C1C=CC(Cl)=CC=1)OC	1440	LSM-3275	indomethacin
COC1C=CC(=CC=1OC)C(=O)NCC1C=CC(=CC=1)OCCN(C)C	1512	LSM-6004	itopride
CC1C=CC(=CN=1)C1N=CC(Cl)=CC=1C1C=CC(=CC=1)S(C)(=O)=O	1113	LSM-5650	etoricoxib
CCN1CCN(CC1)C1C=C2C(=CC=1F)C(=O)C(=CN2C1CC1)C(O)=O	1017	LSM-3709	enrofloxacin
CSC1NC2C=C(Cl)C(=CC=2N=1)OC1C=CC=C(Cl)C=1Cl	2734	LSM-5875	triclabendazole
CC(C)OC(=O)C(C)(C)OC1C=CC(=CC=1)C(=O)C1C=CC(Cl)=CC=1	1152	LSM-3107	fenofibrate
CC(=O)OC1C=CC(=CC=1)C(C1=CC=CC=N1)C1C=CC(=CC=1)OC(C)=O	375	LSM-2883	bisacodyl
ClC1=CC(OCC#CI)=C(Cl)C=C1Cl	1355	LSM-5310	haloprogin
CC(C)(OC1=CC=C(CCNC(=O)C2C=CC(Cl)=CC=2)C=C1)C(O)=O	362	LSM-3015	bezafibrate
NS(=O)(=O)C1=CC(=CC(=C1OC1C=CC=CC=1)N1CCCC1)C(O)=O	2201	LSM-3959	piretanide
CN1CCN(CC1)C1C(F)=CC2=C3C=1SCCN3C=C(C(O)=O)C2=O	2412	LSM-5715	rufloxacin
OCCN1CCN(CCCN2C3=CC=CC=C3C=CC3C=CC=CC2=3)CC1	1993	LSM-5548	opipramol
CCCCNC1C=C(C=C(C=1OC1C=CC=CC=1)S(N)(=O)=O)C(O)=O	427	LSM-2848	bumetanide
CC(C)(C)CC(C)(C)C1C=C(CC2C=CC(Cl)=CC=2Cl)C(O)=CC=1	3109	LSM-19955	clofoctol
N#CC1C=C2C(=CC=1)SC1=CC=CC=C1N2CCCN1CCC(O)CC1	2107	LSM-24971	periciazine
CC(=O)OC1C=CC=C2C=1C(=O)C1C(=CC(=CC=1OC(C)=O)C(O)=O)C2=O	849	LSM-5766	diacerein
C[N+](CCOC(=O)C1C2=CC=CC=C2OC2C=CC=CC=21)(C(C)C)C(C)C	2293	LSM-5959	propantheline
OCCOCCOC(=O)C1C=CC=CC=1NC1=CC(=CC=C1)C(F)(F)F	3211	LSM-5813	etofenamate
CN1CCN(CC1)C1C(F)=C2C(=CC=1F)C(=O)C(=CN2CCF)C(O)=O	1177	LSM-6633	fleroxacin
O=C1CCC2=CC(=CC=C2N1)OCCCCC1=NN=NN1C1CCCCC1	644	LSM-3491	cilostazol
CC1ON=C(C=1C1C=CC(=CC=1)S(=O)(=O)NC(=O)CC)C1C=CC=CC=1	2063	LSM-5316	parecoxib
O=C1N2C=CC=CC2=NN1CCCN1CCN(CC1)C1=CC(Cl)=CC=C1	2717	LSM-3580	trazodone
COC1C=C(N)C(Cl)=CC=1C(=O)NC1CCN(CC2C=CC=CC=2)CC1	670	LSM-2375	clebopride
CN1CCN(CCCN2C3=CC=CC=C3SC3C=CC(Cl)=CC2=3)CC1	2274	LSM-2436	prochlorperazine
CC1CN(CCN1)C1=C(F)C=C2C(=C1OC)N(C=C(C(O)=O)C2=O)C1CC1	1280	LSM-5139	gatifloxacin
NC(=O)C1(CCN(CCCC(=O)C2=CC=C(F)C=C2)CC1)N1CCCCC1	2181	LSM-2586	pipamperone
OC1(CCN(CCCC(=O)C2C=CC(F)=CC=2)CC1)C1C=CC(Cl)=CC=1	1353	LSM-3512	haloperidol
CN(CC1C=C(Br)C=C(Br)C=1N)C1CCCCC1	402	LSM-3048	bromhexine
COC1C=CC(=CC=1C(=O)NCC1=CN=CC=C1)C(=O)NCC1=CN=CC=C1	2161	LSM-3497	picotamide
O=C1NC2C=CC=CC=2N1C1CCN(CC=1)CCCC(=O)C1C=CC(F)=CC=1	966	LSM-4193	droperidol
NS(=O)(=O)C1=CC2=C(C=C1Cl)NC(CC1CCCC1)NS2(=O)=O	756	LSM-1529	cyclopenthiazide
COC1C=CC(=CC=1)C(Cl)=C(C1C=CC(=CC=1)OC)C1C=CC(=CC=1)OC	610	LSM-5411	chlorotrianisene
CC1C=CC(=CC=1)C1=CC(=NN1C1C=CC(=CC=1)S(N)(=O)=O)C(F)(F)F	568	LSM-2032	celecoxib
O=C1NC2C=CC=CC=2N1C1CCN(CCCC(=O)C2C=CC(F)=CC=2)CC1	312	LSM-3792	benperidol
CN(C)C1=CC=C2C(=C1)C=CC(/C=C/C1C=C(C)N(C3=CC=CC=C3)C=1C)=[N+]2C	2335	LSM-6035	pyrvinium
CCOC(=O)N1CCC(CC1)=C1C2N=CC=CC=2CCC2=CC(Cl)=CC=C21	1605	LSM-5891	loratadine
OCCOCCN1CCN(CC1)C1=NC2=CC=CC=C2SC2=CC=CC=C21	2337	LSM-3543	quetiapine
CCN(CCOC(=O)C(CC1=CC=CC2=CC=CC=C12)CC1CCCO1)CC	1870	LSM-1730	naftidrofuryl
O=C1CC2(CC(=O)N1CCCCN1CCN(CC1)C1N=CC=CN=1)CCCC2	437	LSM-4105	buspirone
COC1C=CC=CC=1N1CCN(CCCNC2=CC(=O)N(C)C(=O)N2C)CC1	2796	LSM-5807	urapidil
COC1C=C(C=C(OC)C=1OC)C(=O)NCC1C=CC(=CC=1)OCCN(C)C	2754	LSM-2750	trimethobenzamide
O=C(COC1C=CC(Cl)=CC=1)N1CCN(CC2=CC3OCOC=3C=C2)CC1	1172	LSM-5507	fipexide
NS(=O)(=O)C1=CC2=C(C=C1Cl)NC(NS2(=O)=O)C1CC2CC1C=C2	761	LSM-4421	cyclothiazide
CC1=C(OC2C(=CC=CC=2C(=O)OCCN2CCCCC2)C1=O)C1C=CC=CC=1	1175	LSM-3050	flavoxate
OC(=O)CN(CCN(CC(O)=O)CC(O)=O)CCN(CC(O)=O)CC(O)=O	2092	LSM-5524	pentetic acid
COCCOC1=CC2C(NC3C=C(C=CC=3)C#C)=NC=NC=2C=C1OCCOC	1045	LSM-1097	erlotinib
O=C1C2=CC=CC=C2NC(=O)N1CCN1CCC(CC1)C(=O)C1C=CC(F)=CC=1	1524	LSM-3092	ketanserin
O=C1NCN(C2C=CC=CC=2)C21CCN(CCCC(=O)C1C=CC(F)=CC=1)CC2	2470	LSM-3235	spiperone
CCOC1C=CC(CC2=NC=CC3=CC(OCC)=C(C=C32)OCC)=CC=1OCC	1077	LSM-5495	ethaverine
OC1=C2N=CC=CC2=C(I)C=C1I	1457	LSM-25652	diiodohydroxyquinoline
O=C(NC1C=CC=CC=1)OC(COC(=O)NC1C=CC=CC=1)CN1CCCCC1	3734	LSM-4393	diperodon
CN1CCN(CCCN2C3=CC(=CC=C3SC3=CC=CC=C23)SCC)CC1	2630	LSM-3556	thiethylperazine
CCNC(=O)N1CCN(CCCC(C2C=CC(F)=CC=2)C2C=CC(F)=CC=2)CC1	193	LSM-3159	amperozide
OC(=O)C1C=CC=CC=1C(=O)NC1C=CC(=CC=1)S(=O)(=O)NC1=NC=CS1	2158	LSM-5730	phthalylsulfathiazole
OCCN1CCN(CCCN2C3=CC=CC=C3SC3=CC=C(Cl)C=C23)CC1	2113	LSM-2224	perphenazine
O=S(CCC1C(=O)N(C2C=CC=CC=2)N(C2C=CC=CC=2)C1=O)C1C=CC=CC=1	2528	LSM-1491	sulfinpyrazone
CN1C(=O)C=C(NCCN(CCO)CCCC2C=CC(=CC=2)[N+]([O-])=O)N(C)C1=O	1923	LSM-5458	nifekalant
OC1C(CC2=C(Cl)C(Cl)=CC(Cl)=C2O)=C(Cl)C(Cl)=CC=1Cl	1364	LSM-6032	hexachlorophene
CN1CCN(CCCN2C3=CC=CC=C3SC3C=CC(=CC2=3)C(F)(F)F)CC1	2740	LSM-4010	trifluoperazine
CC1N=C2CCCCN2C(=O)C=1CCN1CCC(CC1)C1=NOC2C=C(F)C=CC=21	2389	LSM-3193	risperidone
CC(=O)C1C=C2C(=CC=1)SC1=CC=CC=C1N2CCCN1CCC(CCO)CC1	2186	LSM-2355	piperacetazine
COC1=CC=C(C=C1C12CC3CC(C1)CC(C2)C3)C1C=C2C=CC(=CC2=CC=1)C(O)=O	87	LSM-37048	adapalene
CC(C)(C)CC(C)(C)C1C=CC(=CC=1)OCCOCC[N+](C)(C)CC1C=CC=CC=1	3018	LSM-5804	benzethonium
O=C1CC2C=C(CCN3CCN(CC3)C3=NSC4C=CC=CC=43)C(Cl)=CC=2N1	2865	LSM-5433	ziprasidone
CC1=C(CC(=O)OCC(O)=O)C2C=C(C=CC=2N1C(=O)C1C=CC(Cl)=CC=1)OC	47	LSM-5753	acemetacin
CN(CCCN1C2=CC=CC=C2CCC2C=CC=CC1=2)CC(=O)C1C=CC(Cl)=CC=1	1592	LSM-5879	lofepramine
OC1(CCN(CCCC(=O)C2C=CC(F)=CC=2)CC1)C1C=CC(Br)=CC=1	407	LSM-5849	bromperidol
NS(=O)(=O)C1=CC2=C(C=C1C(F)(F)F)NC(CC1=CC=CC=C1)NS2(=O)=O	305	LSM-1816	bendroflumethiazide
CCCCC1=NC(Cl)=C(CO)N1CC1C=CC(=CC=1)C1C=CC=CC=1C1NN=NN=1	1610	LSM-3701	losartan
CC[N+](CCOC1C(=CC=CC=1OCC[N+](CC)(CC)CC)OCC[N+](CC)(CC)CC)(CC)CC	1273	LSM-5540	gallamine
CCC1OC2C=CC=CC=2C=1C(=O)C1=CC(Br)=C(O)C(Br)=C1	318	LSM-2239	benzbromarone
O=C1NC2C=C(Cl)C=CC=2N1C1CCN(CCCN2C3C=CC=CC=3NC2=O)CC1	945	LSM-2850	domperidone
CC(=O)C1=CC(OC)=C(C=C1)OCCCN1CCC(CC1)C1=NOC2=CC(F)=CC=C21	3294	LSM-5598	iloperidone
CCOC(=O)NC1C=C2C(=CC=1)SC1=CC=CC=C1N2C(=O)CCN1CCOCC1	1842	LSM-2476	moracizine
CCCCC1=NC2(CCCC2)C(=O)N1CC1C=CC(=CC=1)C1=CC=CC=C1C1NN=NN=1	1481	LSM-3338	irbesartan
NS(=O)(=O)C1=CC2=C(C=C1Cl)N=C(CSCC1C=CC=CC=1)NS2(=O)=O	332	LSM-2474	benzthiazide
CN(C1CCN(CC1)C1=NC2C=CC=CC=2N1CC1C=CC(F)=CC=1)C1NC(=O)C=CN=1	1824	LSM-5377	mizolastine
OCCN1CCN(CCC=C2C3=CC=CC=C3SC3=CC=C(C=C32)C(F)(F)F)CC1	1211	LSM-3573	flupentixol
CN1C2=CC=CC=C2C(NCCCCCCC(O)=O)C2=CC=C(Cl)C=C2S1(=O)=O	2650	LSM-1626	tianeptine
CC1C=CC(=CC=1S(N)(=O)=O)NC1N=C(C=CN=1)N(C)C1=CC2=NN(C)C(C)=C2C=C1	4118	LSM-1114	pazopanib
OCCN1CCN(CCCN2C3=CC=CC=C3SC3=CC=C(C=C23)C(F)(F)F)CC1	1212	LSM-3226	fluphenazine
CCCCC1(COC(=O)CCC(O)=O)C(=O)N(C2C=CC=CC=2)N(C2C=CC=CC=2)C1=O	2547	LSM-5851	suxibuzone
O=C1NCCN1CCN1CCC(CC1)C1=CN(C2C=CC(Cl)=CC=21)C1C=CC(F)=CC=1	2435	LSM-5765	sertindole
CS(=O)(=O)NC1C=CC(=CC=1)OCCN(C)CCC1C=CC(=CC=1)NS(C)(=O)=O	942	LSM-5925	dofetilide
CC1=NN=C(O1)C(=O)NC(C)(C)C1=NC(=C(O)C(=O)N1C)C(=O)NCC1C=CC(F)=CC=1	2352	LSM-5233	raltegravir
OC1C=CC(O)=C2C=1C(=O)C1=C(C(=CC=C1NCCNCCO)NCCNCCO)C2=O	1821	LSM-2481	mitoxantrone
CC1=CN=C(C=N1)C(=O)NCCC1C=CC(=CC=1)S(=O)(=O)NC(=O)NC1CCCCC1	1301	LSM-2251	glipizide
CN(C)S(=O)(=O)C1=CC2=C(C=C1)SC1=CC=CC=C1N2CCCN1CCN(C)CC1	2635	LSM-2170	thioproperazine
COC1C=C2N=CN=C(NC3=CC(Cl)=C(F)C=C3)C2=CC=1OCCCN1CCOCC1	1282	LSM-1098	gefitinib
CCOC(=O)OC(C)OC1=C(C(=O)NC2=CC=CC=N2)N(C)S(=O)(=O)C2=CC=CC=C21	199	LSM-5043	ampiroxicam
O=C1CCC2=CC=C(C=C2N1)OCCCCN1CCN(CC1)C1C=CC=C(Cl)C=1Cl	242	LSM-5776	aripiprazole
CCOC(=O)C1(CCN(CCC(C#N)(C2C=CC=CC=2)C2C=CC=CC=2)CC1)C1C=CC=CC=1	918	LSM-5534	diphenoxylate
COC1=CC=C(CCN2CCC(CC2)NC2=NC3C=CC=CC=3N2CC2C=CC(F)=CC=2)C=C1	249	LSM-5502	astemizole
O=C1NC2C=CC=CC=2N1C1CCN(CCCC(C2C=CC(F)=CC=2)C2C=CC(F)=CC=2)CC1	2172	LSM-2001	pimozide
CNC(=O)C1=CC(=CC=N1)OC1C=CC(=CC=1)NC(=O)NC1C=C(C(Cl)=CC=1)C(F)(F)F	2459	LSM-1008	sorafenib
CC(C)(CC1C=CC=CC=1)N(C)C(=O)CN(CCO)CC(=O)N(C)C(C)(C)CC1C=CC=CC=1	3407	LSM-5672	oxetacaine
OC(=O)C1=CC(=O)C2C(=CC=CC=2OCC(O)COC2=CC=CC3OC(=CC(=O)C=32)C(O)=O)O1	741	LSM-5370	cromoglicic acid
COC1C(OC)=C(CN2CCN(CC2)C(C2C=CC(F)=CC=2)C2C=CC(F)=CC=2)C=CC=1OC	1595	LSM-5717	lomerizine
CCC1=NN(CCCN2CCN(CC2)C2=CC(Cl)=CC=C2)C(=O)N1CCOC1C=CC=CC=1	1890	LSM-4031	nefazodone
OC1C=CC(=CC=1)C1SC2C=C(O)C=CC=2C=1C(=O)C1C=CC(=CC=1)OCCN1CCCCC1	2351	LSM-3425	raloxifene
CN1CCN(CC1)S(=O)(=O)C1C=C(C2NC(=O)C3=C(N=2)C(CCC)=NN3C)C(=CC=1)OCC	2441	LSM-3797	sildenafil
O=C1NCN(C2C=CC=CC=2)C21CCN(CCCC(C1C=CC(F)=CC=1)C1C=CC(F)=CC=1)CC2	1222	LSM-3748	fluspirilene
CN(C)C(=O)C(CCN1CCC(O)(CC1)C1C=CC(Cl)=CC=1)(C1C=CC=CC=1)C1C=CC=CC=1	1599	LSM-3365	loperamide
O=C(NC1=CC=CC2=C1OC(=CC2=O)C1NN=NN=1)C1C=CC(=CC=1)OCCCCC1C=CC=CC=1	2237	LSM-6006	pranlukast
CC1=NC(=CC(=N1)N1CCN(CCO)CC1)NC1=NC=C(S1)C(=O)NC1C(Cl)=CC=CC=1C	785	LSM-1020	dasatinib
CC1N=C(CCC)N2N=C(NC(=O)C2=1)C1=CC(=CC=C1OCC)S(=O)(=O)N1CCN(CC1)CC	2809	LSM-2292	vardenafil
CC1C=CC=C(C)C=1NC(=O)CN1CCN(CCCC(C2C=CC(F)=CC=2)C2C=CC(F)=CC=2)CC1	1580	LSM-3397	lidoflazine
CN1CCN(CC2C=CC(=CC=2)C(=O)NC2C=C(NC3N=C(C=CN=3)C3=CN=CC=C3)C(C)=CC=2)CC1	1423	LSM-1023	imatinib
COC1C=CC(Cl)=CC=1C(=O)NCCC1C=CC(=CC=1)S(=O)(=O)NC(=O)NC1CCCCC1	1314	LSM-2811	glibenclamide
OCCN(CCO)C1=NC(=C2N=C(N=C(C2=N1)N1CCCCC1)N(CCO)CCO)N1CCCCC1	924	LSM-3927	dipyridamole
N=C(NC(=N)NCCCCCCNC(=N)NC(=N)NC1C=CC(Cl)=CC=1)NC1C=CC(Cl)=CC=1	597	LSM-5633	chlorhexidine
CCCCC(CNC(=N)NC(=N)NCCCCCCNC(=N)NC(=N)NCC(CCCC)CC)CC	113	LSM-4432	alexidine
CN1C(=NC2C=CC=CC1=2)C1C=C(C)C2N=C(CCC)N(CC3=CC=C(C=C3)C3C=CC=CC=3C(O)=O)C=2C=1	2583	LSM-3657	telmisartan
CC(C)(SC1=CC(=C(O)C(=C1)C(C)(C)C)C(C)(C)C)SC1=CC(=C(O)C(=C1)C(C)(C)C)C(C)(C)C	2269	LSM-3617	probucol
CC1C=C2C(C(C=O)=C(O)C(O)=C2C(C)C)=C(O)C=1C1=C(O)C2=C(C=O)C(O)=C(O)C(C(C)C)=C2C=C1C	1328	LSM-6229	gossypol
OC1(CCN(CCCC(C2C=CC(F)=CC=2)C2C=CC(F)=CC=2)CC1)C1=CC(=C(Cl)C=C1)C(F)(F)F	2080	LSM-2334	penfluridol
COC1C=C2C(=CC=1)C(C)(C)C(=O)N(CCC1C=CC(=CC=1)S(=O)(=O)NC(=O)NC1CCCCC1)C2=O	1302	LSM-3809	gliquidone
CC1C=CC(=CC=1NC1N=C(C=CN=1)C1=CN=CC=C1)C(=O)NC1C=C(C=C(C=1)N1C=NC(C)=C1)C(F)(F)F	1932	LSM-1099	nilotinib
COC1C=CC=CC=1OC1C(NS(=O)(=O)C2=CC=C(C=C2)C(C)(C)C)=NC(=NC=1OCCO)C1=NC=CC=N1	392	LSM-5825	bosentan
C[N+](C)(C)C1C=C(C=CC=1)OC(=O)N(C)CCCCCCCCCCN(C)C(=O)OC1=CC(=CC=C1)[N+](C)(C)C	801	LSM-5622	demecarium
CC1OC(=O)OC=1COC(=O)C1=C(N=C(CCC)N1CC1C=CC(=CC=1)C1C=CC=CC=1C1NN=NN=1)C(C)(C)O	1985	LSM-3767	olmesartan medoxomil
CC(=O)N(O)CCCCCNC(=O)CCC(=O)N(O)CCCCCNC(=O)CCC(=O)N(O)CCCCCN	792	LSM-6541	deferoxamine
CC1C=CC=CC=1S(=O)(=O)NC(=O)C1=CC(OC)=C(CC2=CN(C)C3C=CC(=CC2=3)NC(=O)OC2CCCC2)C=C1	2855	LSM-5792	zafirlukast
CS(=O)(=O)CCNCC1=CC=C(O1)C1C=C2C(NC3=CC(Cl)=C(C=C3)OCC3C=CC=C(F)C=3)=NC=NC2=CC=1	1548	LSM-1051	lapatinib
COC1C=C(C=C(OC)C=1OC)C(=O)OCCCN1CCN(CCC1)CCCOC(=O)C1=CC(OC)=C(OC)C(=C1)OC	893	LSM-3068	dilazep
CC(=O)N(CC(C)C(O)=O)C1C(I)=CC(I)=C(N)C=1I	1451	LSM-1498	iocetamic acid
OC1C=CC(=CC=1I)OC1C(I)=CC(CC(O)=O)=CC=1I	3611	LSM-5706	tiratricol
CCCCC1OC2C=CC=CC=2C=1C(=O)C1=CC(I)=C(OCCN(CC)CC)C(I)=C1	176	LSM-2379	amiodarone
COCC(=O)NC1C(I)=C(C(I)=C(C=1I)C(=O)N(C)CC(O)CO)C(=O)NCC(O)CO	1468	LSM-5134	iopromide
OCCN(C1C(I)=C(C(I)=C(C=1I)C(=O)NCC(O)CO)C(=O)NCC(O)CO)C(=O)CO	1471	LSM-5116	ioversol
CC(=O)N(CC(O)CO)C1C(I)=C(C(I)=C(C=1I)C(=O)NCC(O)CO)C(=O)NCC(O)CO	1461	LSM-5095	iohexol
C[N+]1(CCC2=CC(OC)=C(C=C2C1CC1=CC(OC)=C(C=C1)OC)OC)CCC(=O)OCCCCCOC(=O)CC[N+]1(C)CCC2=CC(OC)=C(C=C2C1CC1=CC(OC)=C(C=C1)OC)OC	259	LSM-5147	atracurium
OC(=O)C1C(I)=C(NC(=O)CCCCC(=O)NC2=C(I)C(=C(I)C=C2I)C(O)=O)C(I)=CC=1I	1455	LSM-3496	adipiodone
CC(=O)N(C)C1C(I)=C(C(I)=C(C=1I)C(=O)NC)C(=O)NCC(=O)NC1C(I)=C(C(I)=C(C=1I)C(=O)NCCO)C(O)=O	1472	LSM-3781	ioxaglic acid
CC1C=CC(=CC=1NC(=O)C1=CC(=CC=C1)NC(=O)NC1=CC(=CC=C1)C(=O)NC1=CC(=CC=C1C)C(=O)NC1=CC=C(C2=CC(=CC(=C21)S(O)(=O)=O)S(O)(=O)=O)S(O)(=O)=O)C(=O)NC1=CC=C(C2=CC(=CC(=C21)S(O)(=O)=O)S(O)(=O)=O)S(O)(=O)=O	2966	LSM-5775	suramin
CC(=O)N(CC(O)CN(C1=C(I)C(=C(I)C(=C1I)C(=O)NCC(O)CO)C(=O)NCC(O)CO)C(C)=O)C1=C(I)C(=C(I)C(=C1I)C(=O)NCC(O)CO)C(=O)NCC(O)CO	3302	LSM-4960	iodixanol
ONC(=O)CCCCCCC(=O)NC1C=CC=CC=1	4124	LSM-3828	vorinostat
CC1=C(C2C=CC(Cl)=CC=2)N(N=C1C(=O)NN1CCCCC1)C1=CC=C(Cl)C=C1Cl	4150	LSM-36994	rimonabant
CC1CC(=O)N(N=1)C1C=CC=CC=1	4156	LSM-5486	edaravone
COC1C=C2C(NC3C=CC(Br)=CC=3F)=NC=NC2=CC=1OCC1CCN(C)CC1	4178	LSM-1199	vandetanib
CCCS(=O)(=O)NC1=CC=C(F)C(=C1F)C(=O)C1=CNC2=NC=C(C=C12)C1C=CC(Cl)=CC=1	4185	LSM-1068	vemurafenib
CC1=C(O)C(=O)C=CN1C	4188	LSM-36972	deferiprone
COC1C=C2C(N)=NC(=NC2=CC=1OC)N1CCN(CC1)C(=O)C1=CC=CO1	4209	LSM-3079	prazosin
CC1=CN(C(=O)C=C1)C1C=CC=CC=1	4224	LSM-4190	pirfenidone
NC(=O)NC1NC(=O)NC1=O	4268	LSM-5190	allantoin
CC(=O)OC1CN2CCC1CC2	4314	LSM-4403	aceclidine
CN1CCN(CCCOC2=CC3N=CC(C#N)=C(NC4=CC(OC)=C(Cl)C=C4Cl)C=3C=C2OC)CC1	4359	LSM-1190	bosutinib
ClC(Cl)Cl	4363	LSM-37229	chloroform
FC(F)(F)C1C=C(C=CC=1)C1CCN(CC=1)CCC1C=CC2C=CC=CC=2C=1	4367	LSM-3966	xaliproden
CC1C=C(N)C2=CC=CC=C2[N+]=1CCCCCCCCCC[N+]1C2=CC=CC=C2C(N)=CC=1C	4376	LSM-5846	dequalinium
ClC(Cl)(Cl)C(C1C=CC(Cl)=CC=1)C1C=CC(Cl)=CC=1	4396	LSM-19015	clofenotane
OCCN1CCN(CCC=C2C3=CC=CC=C3SC3=CC=C(Cl)C=C32)CC1	4397	LSM-2631	clopenthixol
C(C1C=CC(CN2CCNCCCNCCNCCC2)=CC=1)N1CCNCCCNCCNCCC1	4410	LSM-36826	plerixafor
CC1C=C(C=CC=1)C(=O)N(CC)CC	4418	LSM-4114	diethyltoluamide
OC1C=C(C=C(O)C=1O)C(O)=O	4531	LSM-37191	bismuth subgallate
COC(=O)NC1NC2C=CC(=CC=2N=1)SC1C=CC=CC=1	4536	LSM-3134	fenbendazole
O=C1N(C2=CC=CC=C2C1(CC1C=CN=CC=1)CC1C=CN=CC=1)C1C=CC=CC=1	4588	LSM-3317	linopirdine
CCCCCCCCCCCCCCCC[N+](C)(C)CCN(CC1C=CC(=CC=1)OC)C1N=CC=CN=1	4605	LSM-5312	tonzonium
CC1(C)C(=O)N(C(=S)N1C1=CC(F)=C(C=C1)C(=O)NC)C1C=CC(C#N)=C(C=1)C(F)(F)F	4628	LSM-6254	enzalutamide
COC1=CC(CC=C)=CC=C1O	4648	LSM-2720	eugenol
CNC(=O)C1=CC(=CC=N1)OC1=CC(F)=C(C=C1)NC(=O)NC1=CC(=C(Cl)C=C1)C(F)(F)F	4654	LSM-1226	regorafenib
CC1=C(C(=O)N(C2C=CC=CC=2)N1C)N(C)CS(O)(=O)=O	4659	LSM-5839	metamizole
OC(=O)C1C=CC=CC=1	4664	LSM-37118	benzoic acid
CC(C)=CC1C(C(=O)OCC2C=CC=C(C=2)OC2C=CC=CC=2)C1(C)C	4686	LSM-4363	phenothrin
COC1=CC2=NC=CC(OC3C=CC(=CC=3)NC(=O)C3(CC3)C(=O)NC3C=CC(F)=CC=3)=C2C=C1OC	4715	LSM-1195	cabozantinib
CN1CCN(CC2=CC=C(C=C2C(F)(F)F)NC(=O)C2=CC=C(C)C(=C2)C#CC2=CN=C3C=CC=NN23)CC1	4716	LSM-1151	ponatinib
CN1CCN(CC2C=CC(=CC=2)C(=O)NC2C=C(NC3=NC(=CS3)C3=CN=CC=C3)C(C)=CC=2)CC1	4791	LSM-1130	masitinib
CC(C)(C)C1=NC(=C(S1)C1C=CN=C(N)N=1)C1C=CC=C(NS(=O)(=O)C2C(F)=CC=CC=2F)C=1F	4801	LSM-6303	dabrafenib
CN1C(NC2C=CC(I)=CC=2F)=C2C(=C(C)C1=O)N(C1=CC(=CC=C1)NC(C)=O)C(=O)N(C1CC1)C2=O	4802	LSM-1143	trametinib
NC1=C2CCCC2=NC2CCCCC=21	4808	LSM-37163	ipidacrine
CC1=CC(NC2N=C(NC3C=CC=CC=3S(=O)(=O)C(C)C)C(Cl)=CN=2)=C(C=C1C1CCNCC1)OC(C)C	4866	LSM-36374	ceritinib
OC(=O)C1C=C(C=CC=1)C1N=C(ON=1)C1C=CC=CC=1F	4872	LSM-5991	ataluren
ONC(=O)C=CC1=CC(=CC=C1)S(=O)(=O)NC1C=CC=CC=1	4876	LSM-5351	belinostat
O=C(C1=CC(CC2=NNC(=O)C3=CC=CC=C23)=CC=C1F)N1CCN(CC1)C(=O)C1CC1	4907	LSM-1145	olaparib
CCC1=CC2C(=O)C3=C(NC4=CC(=CC=C43)C#N)C(C)(C)C=2C=C1N1CCC(CC1)N1CCOCC1	4937	LSM-1202	alectinib
CC(=O)C1C(=O)N(C2CCCC2)C2N=C(NC3C=CC(=CN=3)N3CCNCC3)N=CC=2C=1C	4941	LSM-1071	palbociclib
